accuracy,precision,recall,f1_score,roc_auc
0.8333333333333334,0.75,1.0,0.8571428571428571,0.8333333333333334
